<?xml version="1.0" encoding="UTF-8"?>
<model xmlns="http://www.alfresco.org/model/dictionary/1.0" name="clex:claims_example">
    <description>Claims Management example model to demonstrate virtual folders</description>
    <author>Alfresco</author>
    <imports>
        <import uri="http://www.alfresco.org/model/content/1.0" prefix="cm"/>
        <import uri="http://www.alfresco.org/model/dictionary/1.0" prefix="d"/>
    </imports>
    <namespaces>
        <namespace uri="http://www.alfresco.org/model/claims_example/1.0" prefix="clex"/>
    </namespaces>
    <data-types/>
    <constraints/>
    <types>
        <type name="clex:claimDocument">
            <title>Claim Document</title>
            <parent>cm:content</parent>
            <properties>
                <property name="clex:refClaimId">
                    <title>Claim Number</title>
                    <description>Number of the claim the document refers to</description>
                    <type>d:text</type>
                    <mandatory>true</mandatory>
                    <index enabled="true">
                        <tokenised>TRUE</tokenised>
                        <facetable>false</facetable>
                    </index>
                </property>
                <property name="clex:docType">
                    <title>Document Type</title>
                    <type>d:text</type>
                    <mandatory>false</mandatory>
                    <index enabled="true">
                        <tokenised>TRUE</tokenised>
                        <facetable>false</facetable>
                    </index>
                    <constraints>
                        <constraint name="clex:LIST_6a4ab048-1914-4981-8bd6-895a00da165a" type="LIST">
                            <parameter name="allowedValues">
                                <list>
                                    <value>Claim Form</value>
                                    <value>Correspondence</value>
                                    <value>Assessment</value>
                                </list>
                            </parameter>
                            <parameter name="caseSensitive">
                                <value>true</value>
                            </parameter>
                            <parameter name="sorted">
                                <value>false</value>
                            </parameter>
                        </constraint>
                    </constraints>
                </property>
                <property name="clex:docStatus">
                    <title>Document Status</title>
                    <type>d:text</type>
                    <mandatory>false</mandatory>
                    <index enabled="true">
                        <tokenised>TRUE</tokenised>
                        <facetable>false</facetable>
                    </index>
                    <constraints>
                        <constraint name="clex:LIST_5901bac0-84a8-42d0-88ac-90a9e66766e7" type="LIST">
                            <parameter name="allowedValues">
                                <list>
                                    <value>none</value>
                                    <value>Draft</value>
                                    <value>In Review</value>
                                    <value>Approved</value>
                                    <value>Final</value>
                                </list>
                            </parameter>
                            <parameter name="sorted">
                                <value>false</value>
                            </parameter>
                        </constraint>
                    </constraints>
                </property>
            </properties>
            <associations/>
            <overrides/>
            <mandatory-aspects/>
        </type>
        <type name="clex:policyDoc">
            <title>Policy Document</title>
            <parent>cm:content</parent>
            <properties>
                <property name="clex:policyId">
                    <title>Policy Number</title>
                    <type>d:text</type>
                    <mandatory>true</mandatory>
                    <index enabled="true">
                        <tokenised>TRUE</tokenised>
                        <facetable>false</facetable>
                    </index>
                    <constraints>
                        <constraint name="clex:LIST_7aecb8ef-8a60-40cb-8711-fb95355f51ca" type="LIST">
                            <parameter name="allowedValues">
                                <list>
                                    <value>Applies to multiple</value>
                                    <value>POL_176_483957</value>
                                    <value>POL_287_547438</value>
                                    <value>POL_369_834752</value>
                                    <value>POL_455_204399</value>
                                    <value>POL_598_409850</value>
                                    <value>POL_677_348957</value>
                                    <value>POL_712_430987</value>
                                    <value>POL_877_349802</value>
                                    <value>POL_988_348059</value>
                                </list>
                            </parameter>
                            <parameter name="caseSensitive">
                                <value>true</value>
                            </parameter>
                            <parameter name="sorted">
                                <value>false</value>
                            </parameter>
                        </constraint>
                    </constraints>
                </property>
                <property name="clex:policyDocType">
                    <title>Document Type</title>
                    <type>d:text</type>
                    <mandatory>true</mandatory>
                    <index enabled="true">
                        <tokenised>TRUE</tokenised>
                        <facetable>false</facetable>
                    </index>
                    <constraints>
                        <constraint name="clex:LIST_29f1ccfe-ff51-455e-8657-f730099fed19" type="LIST">
                            <parameter name="allowedValues">
                                <list>
                                    <value>Insurance Contract</value>
                                    <value>Insurance Terms</value>
                                </list>
                            </parameter>
                            <parameter name="caseSensitive">
                                <value>true</value>
                            </parameter>
                            <parameter name="sorted">
                                <value>false</value>
                            </parameter>
                        </constraint>
                    </constraints>
                </property>
            </properties>
            <associations/>
            <overrides/>
            <mandatory-aspects/>
        </type>
    </types>
    <aspects>
        <aspect name="clex:commonData">
            <title>Common Metadata</title>
            <properties>
                <property name="clex:insuranceClass">
                    <title>Insurance Class</title>
                    <type>d:text</type>
                    <mandatory>false</mandatory>
                    <index enabled="true">
                        <tokenised>TRUE</tokenised>
                        <facetable>false</facetable>
                    </index>
                    <constraints>
                        <constraint name="clex:LIST_49a624b0-1acb-48ff-897d-95492915862b" type="LIST">
                            <parameter name="allowedValues">
                                <list>
                                    <value>Accident Insurance</value>
                                    <value>Health Insurance</value>
                                    <value>Home Insurance</value>
                                    <value>Life Insurance</value>
                                    <value>Motor Insurance</value>
                                    <value>Travel Insurance</value>
                                </list>
                            </parameter>
                            <parameter name="caseSensitive">
                                <value>true</value>
                            </parameter>
                            <parameter name="sorted">
                                <value>false</value>
                            </parameter>
                        </constraint>
                    </constraints>
                </property>
            </properties>
            <associations/>
            <overrides/>
            <mandatory-aspects/>
        </aspect>
        <aspect name="clex:claimFolder">
            <title>Claim Folder</title>
            <properties>
                <property name="clex:claimAdmin">
                    <title>Handling Administrator</title>
                    <type>d:text</type>
                    <mandatory>false</mandatory>
                    <index enabled="true">
                        <tokenised>TRUE</tokenised>
                        <facetable>false</facetable>
                    </index>
                </property>
                <property name="clex:claimType">
                    <title>Claim Type</title>
                    <type>d:text</type>
                    <mandatory>true</mandatory>
                    <index enabled="true">
                        <tokenised>TRUE</tokenised>
                        <facetable>false</facetable>
                    </index>
                    <constraints>
                        <constraint name="clex:LIST_39f35c7e-5a93-41a2-8d1b-cf9fdc85c643" type="LIST">
                            <parameter name="allowedValues">
                                <list>
                                    <value>Accident Insurance</value>
                                    <value>Health Insurance</value>
                                    <value>Home Insurance</value>
                                    <value>Life Insurance</value>
                                    <value>Motor Insurance</value>
                                    <value>Travel Insurance</value>
                                </list>
                            </parameter>
                            <parameter name="caseSensitive">
                                <value>true</value>
                            </parameter>
                            <parameter name="sorted">
                                <value>false</value>
                            </parameter>
                        </constraint>
                    </constraints>
                </property>
                <property name="clex:refPolicyId">
                    <title>Policy Number</title>
                    <description>Insurance contract a claim is created for</description>
                    <type>d:text</type>
                    <mandatory>true</mandatory>
                    <index enabled="true">
                        <tokenised>TRUE</tokenised>
                        <facetable>false</facetable>
                    </index>
                    <constraints>
                        <constraint name="clex:LIST_7b3622a5-df6e-4be7-8729-054a2716e41e" type="LIST">
                            <parameter name="allowedValues">
                                <list>
                                    <value>POL_176_483957</value>
                                    <value>POL_287_547438</value>
                                    <value>POL_369_834752</value>
                                    <value>POL_455_204399</value>
                                    <value>POL_598_409850</value>
                                    <value>POL_677_348957</value>
                                    <value>POL_712_430987</value>
                                    <value>POL_877_349802</value>
                                    <value>POL_988_348059</value>
                                </list>
                            </parameter>
                            <parameter name="caseSensitive">
                                <value>true</value>
                            </parameter>
                            <parameter name="sorted">
                                <value>false</value>
                            </parameter>
                        </constraint>
                    </constraints>
                </property>
                <property name="clex:claimDate">
                    <title>Claim Date</title>
                    <type>d:date</type>
                    <mandatory>false</mandatory>
                    <index enabled="true">
                        <tokenised>TRUE</tokenised>
                    </index>
                </property>
                <property name="clex:claimId">
                    <title>Claim Number</title>
                    <description>unique identifier for a claim</description>
                    <type>d:text</type>
                    <mandatory>true</mandatory>
                    <index enabled="true">
                        <tokenised>TRUE</tokenised>
                        <facetable>false</facetable>
                    </index>
                    <constraints>
                        <constraint name="clex:LIST_0d074bb3-a6c4-416e-83cd-c0d25df748fd" type="LIST">
                            <parameter name="allowedValues">
                                <list>
                                    <value>CLM_123_5842309</value>
                                    <value>CLM_167_9284375</value>
                                    <value>CLM_245_4985724</value>
                                    <value>CLM_278_9087453</value>
                                    <value>CLM_316_0987532</value>
                                    <value>CLM_387_9842349</value>
                                    <value>CLM_478_5460598</value>
                                    <value>CLM_499_4983257</value>
                                    <value>CLM_512_5036806</value>
                                    <value>CLM_566_9878974</value>
                                    <value>CLM_644_9579423</value>
                                    <value>CLM_655_4309858</value>
                                    <value>CLM_723_5089675</value>
                                    <value>CLM_744_3498750</value>
                                    <value>CLM_809_6587304</value>
                                    <value>CLM_865_5095688</value>
                                    <value>CLM_955_4309855</value>
                                    <value>CLM_988_2342943</value>
                                </list>
                            </parameter>
                            <parameter name="caseSensitive">
                                <value>true</value>
                            </parameter>
                            <parameter name="sorted">
                                <value>false</value>
                            </parameter>
                        </constraint>
                    </constraints>
                </property>
                <property name="clex:claimStatus">
                    <title>Claim Status</title>
                    <type>d:text</type>
                    <mandatory>true</mandatory>
                    <default>new</default>
                    <index enabled="true">
                        <tokenised>TRUE</tokenised>
                        <facetable>false</facetable>
                    </index>
                    <constraints>
                        <constraint name="clex:LIST_805229f2-a4e2-4ce1-8869-aff2007abdd4" type="LIST">
                            <parameter name="allowedValues">
                                <list>
                                    <value>new</value>
                                    <value>in process</value>
                                    <value>approval</value>
                                    <value>approved for payment</value>
                                    <value>closed</value>
                                </list>
                            </parameter>
                            <parameter name="caseSensitive">
                                <value>true</value>
                            </parameter>
                            <parameter name="sorted">
                                <value>false</value>
                            </parameter>
                        </constraint>
                    </constraints>
                </property>
            </properties>
            <associations/>
            <overrides/>
            <mandatory-aspects/>
        </aspect>
    </aspects>
</model>