<?xml version="1.0" encoding="UTF-8"?><module>
   <id>CMM_claims_example</id>
   <auto-deploy>true</auto-deploy>
   <configurations>
      
      <!-- Document Library config section -->
      <config condition="DocumentLibrary" evaluator="string-compare" replace="false">
         <aspects>
            <visible>
               <aspect label="Common Metadata" name="clex:commonData"/>
               <aspect label="Claim Folder" name="clex:claimFolder"/>
            </visible>
         </aspects>
         <types>
            <type name="cm:content">
               <subtype label="Claim Document" name="clex:claimDocument"/>
               <subtype label="Policy Document" name="clex:policyDoc"/>
            </type>
         </types>
      </config>

      <!-- Form configuration section - type -->
      <config condition="clex:claimDocument" evaluator="node-type">
         <forms>
            <form>
               <field-visibility>
                  <show id="cm:name"/>
                  <show force="true" id="cm:title"/>
                  <show force="true" id="cm:description"/>
                  <show id="clex:docType"/>
                  <show id="clex:docStatus"/>
                  <show id="clex:refClaimId"/>
               </field-visibility>
               <appearance>
                  <set appearance="whitespace" id="clex:claimDocument_cmm_set0"/>
                  <set appearance="bordered-panel" id="clex:claimDocument_cmm_set1" label-id="Claim Details" template="/org/alfresco/components/form/2-column-set.ftl"/>
                  <field id="cm:title" set="clex:claimDocument_cmm_set0">
                  </field>
                  <field id="clex:docType" set="clex:claimDocument_cmm_set1">
                  </field>
                  <field id="clex:refClaimId" read-only="true" set="clex:claimDocument_cmm_set1">
                     <control template="/org/alfresco/components/form/controls/textfield.ftl">
                     </control>
                  </field>
                  <field id="cm:name" set="clex:claimDocument_cmm_set0">
                  </field>
                  <field id="clex:docStatus" set="clex:claimDocument_cmm_set1">
                  </field>
                  <field id="cm:description" set="clex:claimDocument_cmm_set0">
                  </field>
               </appearance>
            </form>
            
            <!-- Document Library pop-up Edit Metadata form -->
            <form id="doclib-simple-metadata">
               <edit-form template="../documentlibrary/forms/doclib-simple-metadata.ftl"/>
               <field-visibility>
                  <show id="cm:name"/>
                  <show force="true" id="cm:title"/>
                  <show force="true" id="cm:description"/>
                  <show id="clex:docType"/>
                  <show id="clex:docStatus"/>
                  <show id="clex:refClaimId"/>
               </field-visibility>
               <appearance>
                  <set appearance="whitespace" id="clex:claimDocument_cmm_set0"/>
                  <set appearance="bordered-panel" id="clex:claimDocument_cmm_set1" label-id="Claim Details" template="/org/alfresco/components/form/2-column-set.ftl"/>
                  <field id="cm:title" set="clex:claimDocument_cmm_set0">
                  </field>
                  <field id="clex:docType" set="clex:claimDocument_cmm_set1">
                  </field>
                  <field id="clex:refClaimId" read-only="true" set="clex:claimDocument_cmm_set1">
                     <control template="/org/alfresco/components/form/controls/textfield.ftl">
                     </control>
                  </field>
                  <field id="cm:name" set="clex:claimDocument_cmm_set0">
                  </field>
                  <field id="clex:docStatus" set="clex:claimDocument_cmm_set1">
                  </field>
                  <field id="cm:description" set="clex:claimDocument_cmm_set0">
                  </field>
               </appearance>
            </form>
            
            <!-- Document Library Inline Edit form -->
            <form id="doclib-inline-edit">
               <field-visibility>
                  <show id="cm:name"/>
                  <show force="true" id="cm:content"/>
                  <show force="true" id="cm:title"/>
                  <show force="true" id="cm:description"/>
               </field-visibility>
               <appearance>
                  <field id="cm:name">
                    <control>
                       <control-param name="maxLength">255</control-param>
                    </control>
                  </field>
                  <field id="cm:title">
                     <control template="/org/alfresco/components/form/controls/textfield.ftl"/>
                  </field>
                  <field id="cm:content" label-id="">
                     <control>
                        <control-param name="editorAppearance">explorer</control-param>
                        <control-param name="forceEditor">true</control-param>
                     </control>
                  </field>
               </appearance>
            </form>
         </forms>
      </config>
      <config condition="clex:policyDoc" evaluator="node-type">
         <forms>
            <form>
               <field-visibility>
                  <show id="cm:name"/>
                  <show force="true" id="cm:title"/>
                  <show force="true" id="cm:description"/>
                  <show id="clex:policyDocType"/>
                  <show id="clex:policyId"/>
               </field-visibility>
               <appearance>
                  <set appearance="whitespace" id="clex:policyDoc_cmm_set0"/>
                  <set appearance="bordered-panel" id="clex:policyDoc_cmm_set1" label-id="Policy Details" template="/org/alfresco/components/form/2-column-set.ftl"/>
                  <field id="cm:title" set="clex:policyDoc_cmm_set0">
                  </field>
                  <field id="clex:policyDocType" set="clex:policyDoc_cmm_set1">
                  </field>
                  <field id="clex:policyId" set="clex:policyDoc_cmm_set1">
                  </field>
                  <field id="cm:name" set="clex:policyDoc_cmm_set0">
                  </field>
                  <field id="cm:description" set="clex:policyDoc_cmm_set0">
                  </field>
               </appearance>
            </form>
            
            <!-- Document Library pop-up Edit Metadata form -->
            <form id="doclib-simple-metadata">
               <edit-form template="../documentlibrary/forms/doclib-simple-metadata.ftl"/>
               <field-visibility>
                  <show id="cm:name"/>
                  <show force="true" id="cm:title"/>
                  <show force="true" id="cm:description"/>
                  <show id="clex:policyDocType"/>
                  <show id="clex:policyId"/>
               </field-visibility>
               <appearance>
                  <set appearance="whitespace" id="clex:policyDoc_cmm_set0"/>
                  <set appearance="bordered-panel" id="clex:policyDoc_cmm_set1" label-id="Policy Details" template="/org/alfresco/components/form/2-column-set.ftl"/>
                  <field id="cm:title" set="clex:policyDoc_cmm_set0">
                  </field>
                  <field id="clex:policyDocType" set="clex:policyDoc_cmm_set1">
                  </field>
                  <field id="clex:policyId" set="clex:policyDoc_cmm_set1">
                  </field>
                  <field id="cm:name" set="clex:policyDoc_cmm_set0">
                  </field>
                  <field id="cm:description" set="clex:policyDoc_cmm_set0">
                  </field>
               </appearance>
            </form>
            
            <!-- Document Library Inline Edit form -->
            <form id="doclib-inline-edit">
               <field-visibility>
                  <show id="cm:name"/>
                  <show force="true" id="cm:content"/>
                  <show force="true" id="cm:title"/>
                  <show force="true" id="cm:description"/>
               </field-visibility>
               <appearance>
                  <field id="cm:name">
                    <control>
                       <control-param name="maxLength">255</control-param>
                    </control>
                  </field>
                  <field id="cm:title">
                     <control template="/org/alfresco/components/form/controls/textfield.ftl"/>
                  </field>
                  <field id="cm:content" label-id="">
                     <control>
                        <control-param name="editorAppearance">explorer</control-param>
                        <control-param name="forceEditor">true</control-param>
                     </control>
                  </field>
               </appearance>
            </form>
         </forms>
      </config>
      
      <!-- Form configuration section - aspect -->
      <config condition="clex:commonData" evaluator="aspect">
         <forms>
            <form>
               <field-visibility>
                  <show id="clex:insuranceClass"/>
               </field-visibility>
               <appearance>
                  <set appearance="whitespace" id="clex:commonData_cmm_set0" template="/org/alfresco/components/form/2-column-set.ftl"/>
                  <field id="clex:insuranceClass" set="clex:commonData_cmm_set0">
                  </field>
               </appearance>
            </form>
         </forms>
      </config>
      <config condition="clex:claimFolder" evaluator="aspect">
         <forms>
            <form>
               <field-visibility>
                  <show id="clex:claimId"/>
                  <show id="clex:refPolicyId"/>
                  <show id="clex:claimType"/>
                  <show id="clex:claimStatus"/>
                  <show id="clex:claimAdmin"/>
                  <show id="clex:claimDate"/>
               </field-visibility>
               <appearance>
                  <set appearance="bordered-panel" id="clex:claimFolder_cmm_set0" label-id="Claim Details" template="/org/alfresco/components/form/2-column-set.ftl"/>
                  <field id="clex:claimStatus" set="clex:claimFolder_cmm_set0">
                  </field>
                  <field id="clex:claimDate" set="clex:claimFolder_cmm_set0">
                  </field>
                  <field id="clex:claimId" set="clex:claimFolder_cmm_set0">
                  </field>
                  <field id="clex:claimType" set="clex:claimFolder_cmm_set0">
                  </field>
                  <field id="clex:claimAdmin" set="clex:claimFolder_cmm_set0">
                  </field>
                  <field id="clex:refPolicyId" set="clex:claimFolder_cmm_set0">
                  </field>
               </appearance>
            </form>
         </forms>
      </config>
      
      <!-- Entity form designer configuration -->
      <config condition="FormDefinition" evaluator="string-compare">
         <form-definition id="claimFolder">[{"elementconfig":{"label":"Claim Details","appearance":"bordered-panel"},"pseudonym":"cmm/editor/layout/2cols","label":"cmm.form-editor.palette.two-column","type":["layout"],"alfValidForm":true,"wrapperSettings":{"type":"two"},"column":[{"pseudonym":"cmm/editor/property/text","id":"clex:claimId","elementconfig":{"infoname":"claimId","infolabel":"Claim Number","infotype":"d:text"},"label":"Claim Number [claimId]","type":["property"]},{"pseudonym":"cmm/editor/property/text","id":"clex:refPolicyId","elementconfig":{"infoname":"refPolicyId","infolabel":"Policy Number","infotype":"d:text"},"label":"Policy Number [refPolicyId]","type":["property"]},{"pseudonym":"cmm/editor/property/text","id":"clex:claimType","elementconfig":{"infoname":"claimType","infolabel":"Claim Type","infotype":"d:text"},"label":"Claim Type [claimType]","type":["property"]},{"pseudonym":"cmm/editor/property/text","id":"clex:claimStatus","elementconfig":{"infoname":"claimStatus","infolabel":"Claim Status","infotype":"d:text"},"label":"Claim Status [claimStatus]","type":["property"]},{"pseudonym":"cmm/editor/property/text","id":"clex:claimAdmin","elementconfig":{"infoname":"claimAdmin","infolabel":"Handling Administrator","infotype":"d:text"},"label":"Handling Administrator [claimAdmin]","type":["property"]},{"pseudonym":"cmm/editor/property/date","id":"clex:claimDate","elementconfig":{"infoname":"claimDate","infolabel":"Claim Date","infotype":"d:date"},"label":"Claim Date [claimDate]","type":["property"]}]}]</form-definition>
         <form-definition id="commonData">[{"elementconfig":{"label":"","appearance":"bordered-panel"},"pseudonym":"cmm/editor/layout/2cols","label":"cmm.form-editor.palette.two-column","type":["layout"],"column":[{"pseudonym":"cmm/editor/property/text","id":"clex:insuranceClass","elementconfig":{"infoname":"insuranceClass","infolabel":"Insurance Class","infotype":"d:text"},"label":"Insurance Class [insuranceClass]","type":["property"]}]}]</form-definition>
         <form-definition id="claimDocument">[{"elementconfig":{"label":"","appearance":"bordered-panel"},"pseudonym":"cmm/editor/layout/1cols","label":"cmm.form-editor.palette.one-column","type":["layout"],"column":[{"pseudonym":"cmm/editor/property/text","id":"cm:name","elementconfig":{"infoname":"cm:name","infolabel":"Name","infotype":"d:text"},"label":"Name [cm:name]","type":["property"]},{"pseudonym":"cmm/editor/property/text","id":"cm:title","elementconfig":{"infoname":"cm:title","infolabel":"Title","infotype":"d:text","force":true},"label":"Title [cm:title]","type":["property"]},{"pseudonym":"cmm/editor/property/text","id":"cm:description","elementconfig":{"infoname":"cm:description","infolabel":"Description","infotype":"d:text","force":true},"label":"Description [cm:description]","type":["property"]}],"alfValidForm":true,"wrapperSettings":{"type":"one"}},{"elementconfig":{"label":"Claim Details","appearance":"bordered-panel"},"pseudonym":"cmm/editor/layout/2cols","label":"cmm.form-editor.palette.two-column","type":["layout"],"column":[{"pseudonym":"cmm/editor/property/text","id":"clex:docType","elementconfig":{"infoname":"docType","infolabel":"Document Type","infotype":"d:text"},"label":"Document Type [docType]","type":["property"]},{"pseudonym":"cmm/editor/property/text","id":"clex:docStatus","elementconfig":{"infoname":"docStatus","infolabel":"Document Status","infotype":"d:text"},"label":"Document Status [docStatus]","type":["property"]},{"pseudonym":"cmm/editor/property/text","id":"clex:refClaimId","elementconfig":{"infoname":"refClaimId","infolabel":"Claim Number","infotype":"d:text","controltype":"textfield","for-mode":"any","style":"","styleclass":"","read-only":true,"force":"","hidden":""},"label":"Claim Number [refClaimId]","type":["property"],"alfValidForm":true}],"alfValidForm":true,"wrapperSettings":{"type":"two"}}]</form-definition>
         <form-definition id="policyDoc">[{"elementconfig":{"label":"","appearance":"bordered-panel"},"pseudonym":"cmm/editor/layout/1cols","label":"cmm.form-editor.palette.one-column","type":["layout"],"column":[{"pseudonym":"cmm/editor/property/text","id":"cm:name","elementconfig":{"infoname":"cm:name","infolabel":"Name","infotype":"d:text"},"label":"Name [cm:name]","type":["property"]},{"pseudonym":"cmm/editor/property/text","id":"cm:title","elementconfig":{"infoname":"cm:title","infolabel":"Title","infotype":"d:text","force":true},"label":"Title [cm:title]","type":["property"]},{"pseudonym":"cmm/editor/property/text","id":"cm:description","elementconfig":{"infoname":"cm:description","infolabel":"Description","infotype":"d:text","force":true},"label":"Description [cm:description]","type":["property"]}]},{"elementconfig":{"label":"Policy Details","appearance":"bordered-panel"},"pseudonym":"cmm/editor/layout/2cols","label":"cmm.form-editor.palette.two-column","type":["layout"],"column":[{"pseudonym":"cmm/editor/property/text","id":"clex:policyDocType","elementconfig":{"infoname":"policyDocType","infolabel":"Document Type","infotype":"d:text"},"label":"Document Type [policyDocType]","type":["property"]},{"pseudonym":"cmm/editor/property/text","id":"clex:policyId","elementconfig":{"infoname":"policyId","infolabel":"Policy Number","infotype":"d:text"},"label":"Policy Number [policyId]","type":["property"]}],"alfValidForm":true,"wrapperSettings":{"type":"two"}}]</form-definition>
      </config>

   </configurations>
</module>
